"","x"
"1",10037063
"2",10189533
"3",10473023
"4",1108202
"5",11088471
"6",12628649
"7",12695735
"8",12998612
"9",13380733
"10",13892555
"11",13914325
"12",15096195
"13",15159087
"14",15191162
"15",15227612
"16",15924843
"17",16256321
"18",16967331
"19",17736118
"20",18276965
"21",19233266
"22",19261832
"23",19694030
"24",20647942
"25",20734440
"26",20790907
"27",21212105
"28",21513525
"29",218957
"30",21960222
"31",21966190
"32",22052085
"33",22133373
"34",22290081
"35",23276057
"36",24192130
"37",24300940
"38",24597483
"39",24900520
"40",2528195
"41",25667941
"42",26526973
"43",2700265
"44",27035841
"45",27181524
"46",27550522
"47",27558227
"48",28118693
"49",28258058
"50",28665957
"51",28777296
"52",29449749
"53",29643004
"54",29736939
"55",29759961
"56",30000764
"57",30837748
"58",3099542
"59",3624205
"60",4773171
"61",5401172
"62",555728
"63",5587799
"64",6002552
"65",6231835
"66",636980
"67",7091335
"68",7138315
"69",7220719
"70",7364891
"71",7387986
"72",9099757
"73",9120455
"74",922090
"75",9572760
"76",10212302
"77",10340580
"78",10384456
"79",10596901
"80",10754022
"81",10770754
"82",10871644
"83",1094245
"84",11554465
"85",11616141
"86",1216096
"87",12572679
"88",13400885
"89",13417995
"90",15831928
"91",1609739
"92",18499815
"93",18798840
"94",19125665
"95",1975885
"96",20245471
"97",20695904
"98",20722318
"99",21347567
"100",21474872
"101",22006276
"102",2278031
"103",22903584
"104",23199612
"105",23933841
"106",24146565
"107",24444573
"108",25641634
"109",26009969
"110",26538890
"111",26657799
"112",26707522
"113",2760387
"114",28248960
"115",28258310
"116",28925193
"117",29126414
"118",29224343
"119",29636454
"120",29686648
"121",29760096
"122",29791461
"123",2986567
"124",30028693
"125",30076861
"126",30104454
"127",30126252
"128",30629371
"129",3443946
"130",4367560
"131",4382743
"132",4639360
"133",4913086
"134",5476414
"135",597011
"136",6280652
"137",6554478
"138",9005805
"139",9100160
"140",9124353
"141",9439633
"142",9727138
"143",10522264
"144",10534298
"145",10656626
"146",10778379
"147",12223299
"148",12601415
"149",12794557
"150",12887347
"151",14673674
"152",147228
"153",14762648
"154",1513132
"155",15996224
"156",16064669
"157",1643642
"158",16549931
"159",17009937
"160",17222679
"161",18059508
"162",18347427
"163",18824814
"164",20238263
"165",20629016
"166",21904451
"167",22130783
"168",22451804
"169",2256108
"170",2303853
"171",2345334
"172",23940024
"173",23958232
"174",25687833
"175",26022307
"176",26090203
"177",26596446
"178",26715623
"179",26986227
"180",27312447
"181",28225489
"182",28442947
"183",28770358
"184",29016327
"185",29227837
"186",2973030
"187",29732845
"188",30669639
"189",30684867
"190",3098897
"191",3319611
"192",3816682
"193",4328465
"194",4386191
"195",4508861
"196",5327519
"197",585385
"198",6183699
"199",6317751
"200",6407742
"201",6939779
"202",7133943
"203",7266801
"204",9873524
"205",10119902
"206",12243847
"207",12271882
"208",12280378
"209",12496432
"210",13025532
"211",13519697
"212",13961399
"213",14144269
"214",1453608
"215",14559881
"216",14575423
"217",14780595
"218",14821652
"219",15795174
"220",15809538
"221",15969865
"222",16185288
"223",1678285
"224",16877550
"225",17150102
"226",18891118
"227",2005891
"228",2116870
"229",21932811
"230",22165876
"231",22457403
"232",22794209
"233",2335084
"234",23886918
"235",24491032
"236",24537941
"237",24597729
"238",24885486
"239",25647315
"240",25650140
"241",25689003
"242",25801610
"243",27227904
"244",27498506
"245",27880457
"246",28322365
"247",28527845
"248",28617179
"249",28770197
"250",28778315
"251",28869567
"252",28968800
"253",29450218
"254",29613398
"255",30023582
"256",30377706
"257",30401528
"258",30562584
"259",3230863
"260",3300720
"261",4229646
"262",4806050
"263",4873173
"264",5071226
"265",656459
"266",7428389
"267",754351
"268",7707154
"269",7840200
"270",881198
"271",9520247
"272",9537195
"273",9740298
"274",10573846
"275",10730607
"276",11127831
"277",11308579
"278",11331582
"279",11679226
"280",1181980
"281",11942917
"282",12333389
"283",12568730
"284",13372600
"285",14020735
"286",1493560
"287",15108212
"288",1567144
"289",15889063
"290",16301135
"291",16574999
"292",17140140
"293",179775
"294",18198399
"295",18559299
"296",1905759
"297",19592208
"298",1961252
"299",21007387
"300",21062232
"301",22016700
"302",2221351
"303",22328894
"304",22626857
"305",22750868
"306",23175503
"307",24161020
"308",25944307
"309",26485883
"310",27666582
"311",27683709
"312",28246929
"313",28652874
"314",28761206
"315",28785732
"316",28921794
"317",29186213
"318",29259401
"319",29293584
"320",29418189
"321",29496129
"322",29702048
"323",30579901
"324",3188772
"325",3230288
"326",3282759
"327",3306275
"328",3437388
"329",3683196
"330",5442829
"331",55004
"332",5632044
"333",5877755
"334",6182485
"335",7040380
"336",827289
"337",903996
"338",9878189
"339",10296502
"340",10470274
"341",10549222
"342",11237263
"343",1126360
"344",11566628
"345",11672576
"346",12665030
"347",13840665
"348",14013491
"349",14476443
"350",14674856
"351",14972738
"352",15350043
"353",15406546
"354",15504637
"355",15679922
"356",16412160
"357",17126499
"358",17875470
"359",19353655
"360",19781966
"361",21048761
"362",21417185
"363",21500812
"364",21511423
"365",22137275
"366",22762703
"367",2276334
"368",228483
"369",2358063
"370",23937210
"371",2464092
"372",24763122
"373",26168345
"374",27795832
"375",2782558
"376",28837852
"377",29166937
"378",29275927
"379",29387842
"380",29398534
"381",29517180
"382",29536008
"383",29728483
"384",29999825
"385",30029876
"386",30385196
"387",30392116
"388",30444811
"389",30463559
"390",30703228
"391",30773852
"392",3093093
"393",4558940
"394",4955354
"395",5893668
"396",6033553
"397",6074224
"398",6881578
"399",7440990
"400",7458496
"401",9062275
"402",9741316
"403",9950468
"404",10296134
"405",10464614
"406",10671326
"407",10886977
"408",11131667
"409",11846123
"410",12257881
"411",12714801
"412",12921432
"413",13646428
"414",14545780
"415",14567902
"416",15829395
"417",15892214
"418",15961749
"419",1601138
"420",16435094
"421",1702026
"422",17033673
"423",17115933
"424",17694265
"425",18523849
"426",18548284
"427",18800049
"428",19334819
"429",20466417
"430",21066744
"431",21472770
"432",2173294
"433",22066446
"434",23164525
"435",23311567
"436",23517488
"437",24128551
"438",24696560
"439",2538866
"440",25723287
"441",25744068
"442",26628930
"443",27419146
"444",27642922
"445",27764143
"446",27846034
"447",28105981
"448",28284154
"449",28394161
"450",28684763
"451",28789550
"452",28964870
"453",29261130
"454",29289545
"455",29340880
"456",29610565
"457",29613607
"458",29736089
"459",29756348
"460",29764943
"461",30261950
"462",3900592
"463",5004683
"464",5625170
"465",6957809
"466",7002753
"467",7045495
"468",7240380
"469",7458253
"470",7513396
"471",7666801
"472",7745605
"473",9169953
"474",926975
"475",9451003
"476",9881141
"477",10517832
"478",12090274
"479",12561424
"480",13130548
"481",13316579
"482",14602255
"483",14997869
"484",15291212
"485",15836767
"486",16301183
"487",16864954
"488",16889713
"489",17953709
"490",18251149
"491",18613147
"492",19382619
"493",19955965
"494",20211069
"495",20513631
"496",20529724
"497",20778250
"498",21520948
"499",2172197
"500",21904500
"501",21989462
"502",2238707
"503",23392145
"504",23402864
"505",23767149
"506",23870423
"507",2427112
"508",24421402
"509",24919833
"510",24934359
"511",25582807
"512",26040384
"513",26587379
"514",26955983
"515",26968583
"516",27011330
"517",27091873
"518",27128313
"519",27140166
"520",27647298
"521",28179675
"522",28216510
"523",28220100
"524",2847567
"525",29760759
"526",29777751
"527",29862260
"528",30313250
"529",30718477
"530",3551519
"531",4271652
"532",4304277
"533",6202186
"534",6555419
"535",6974621
"536",7381790
"537",7705169
"538",7773146
"539",9446730
"540",9812599
"541",9963277
"542",10058347
"543",10197929
"544",11203803
"545",11852687
"546",12906620
"547",13330303
"548",13733667
"549",13813938
"550",14427675
"551",14578146
"552",14672176
"553",14959385
"554",15180478
"555",16046737
"556",16053414
"557",16082340
"558",16290187
"559",16315819
"560",16426799
"561",16565687
"562",18144518
"563",18663099
"564",18931659
"565",19690348
"566",19786720
"567",20264972
"568",20671970
"569",23204117
"570",23653416
"571",2404875
"572",24533643
"573",24641535
"574",25689585
"575",25698170
"576",25702219
"577",25763889
"578",25767830
"579",25957820
"580",26677415
"581",27154810
"582",27488304
"583",27491779
"584",27524899
"585",27583597
"586",28500939
"587",28658926
"588",28900854
"589",29066210
"590",29099601
"591",29112317
"592",29115198
"593",29347326
"594",29699100
"595",29792160
"596",29854116
"597",29859193
"598",30060649
"599",30134322
"600",30235618
"601",30258721
"602",30278530
"603",30492695
"604",3104831
"605",3567414
"606",3627958
"607",4418713
"608",5844575
"609",5881970
"610",6718482
"611",800796
"612",9489185
"613",9606742
"614",9668889
"615",104006
"616",10532729
"617",10602181
"618",11031472
"619",1141880
"620",11574326
"621",12347217
"622",12553614
"623",12969334
"624",12976543
"625",13564053
"626",13981384
"627",14716196
"628",149106
"629",15030574
"630",15695388
"631",15717897
"632",1648851
"633",17710935
"634",18345903
"635",18490290
"636",18880765
"637",19065255
"638",19674482
"639",19748598
"640",19947623
"641",208759
"642",21235181
"643",21459741
"644",21857947
"645",22111998
"646",2217522
"647",22598494
"648",23104371
"649",23795393
"650",23841256
"651",2420625
"652",24360501
"653",24494620
"654",24675287
"655",2495461
"656",25749886
"657",26007707
"658",26162101
"659",26420816
"660",26509160
"661",2651700
"662",26529168
"663",26636501
"664",27136910
"665",27280235
"666",27470223
"667",27613224
"668",27828505
"669",28155727
"670",28290312
"671",29093185
"672",291883
"673",29593667
"674",29726254
"675",29730295
"676",29769608
"677",30059165
"678",30310985
"679",30385082
"680",30568106
"681",30721060
"682",3187723
"683",3680121
"684",4191464
"685",5437992
"686",6638004
"687",6962383
"688",6986044
"689",7625151
"690",7692148
"691",10052138
"692",10143641
"693",10749801
"694",10777792
"695",10960473
"696",11109035
"697",11272593
"698",1129001
"699",11305217
"700",11647759
"701",12202902
"702",12363544
"703",12399365
"704",12891566
"705",13057345
"706",1309065
"707",1311198
"708",13123963
"709",13162483
"710",13838168
"711",14338207
"712",14444029
"713",14446801
"714",145543
"715",15110846
"716",15220114
"717",15360795
"718",15736572
"719",1581117
"720",17123262
"721",17265436
"722",17384065
"723",17772884
"724",17783170
"725",17786951
"726",18041686
"727",18126664
"728",20328144
"729",205429
"730",20959702
"731",2109631
"732",22182117
"733",23145331
"734",2319016
"735",2343316
"736",23664650
"737",24068417
"738",24410551
"739",24638883
"740",24680589
"741",25623624
"742",25840506
"743",25953349
"744",26913153
"745",27154074
"746",27389199
"747",27603055
"748",28095266
"749",28125424
"750",28390637
"751",28554996
"752",2889258
"753",29062685
"754",29624393
"755",29653599
"756",29727722
"757",3178201
"758",3302392
"759",3497441
"760",3843464
"761",4089658
"762",430087
"763",4456470
"764",4690768
"765",4756909
"766",4821122
"767",4935225
"768",4948032
"769",5379150
"770",6177108
"771",6215572
"772",6279789
"773",7655050
"774",8958611
"775",9010754
"776",9704097
"777",9986626
"778",10114680
"779",10154703
"780",11098372
"781",1112587
"782",12402983
"783",12419723
"784",12494045
"785",12702728
"786",12973908
"787",13089521
"788",13446687
"789",14130749
"790",14551896
"791",14733540
"792",1549169
"793",1565495
"794",16260624
"795",16338556
"796",1636243
"797",17012815
"798",1749165
"799",1827979
"800",18884826
"801",19694581
"802",20542642
"803",20819348
"804",2088672
"805",2200171
"806",22091812
"807",22868386
"808",23970345
"809",24385344
"810",2579956
"811",26056237
"812",26207220
"813",26430213
"814",27322427
"815",27883597
"816",28118298
"817",28305939
"818",28511967
"819",28557877
"820",28688377
"821",28829596
"822",29116587
"823",29338590
"824",29503569
"825",29677305
"826",29714060
"827",29743347
"828",29788898
"829",30317601
"830",3309206
"831",3457
"832",3814052
"833",3934635
"834",4549342
"835",4779932
"836",5284165
"837",5384038
"838",5798101
"839",6997440
"840",7056317
"841",7508270
"842",7748003
"843",7760595
"844",869974
"845",8955651
"846",9377074
"847",10440265
"848",10737149
"849",1079982
"850",11183738
"851",11409728
"852",11586164
"853",1184750
"854",13021445
"855",13421559
"856",14034693
"857",14690369
"858",14863187
"859",15068468
"860",15270968
"861",15744430
"862",17773407
"863",17950103
"864",19945150
"865",20015594
"866",2026437
"867",20586645
"868",22794596
"869",23142534
"870",24149671
"871",24171612
"872",24950608
"873",25623707
"874",26117717
"875",26404213
"876",26420495
"877",26491677
"878",26826620
"879",27131963
"880",2742009
"881",2764960
"882",28794569
"883",29605891
"884",29659081
"885",29659694
"886",29756362
"887",30048520
"888",30099074
"889",30717923
"890",3483213
"891",3702020
"892",388078
"893",4081504
"894",4539209
"895",5444258
"896",606570
"897",6288790
"898",6798703
"899",7152960
"900",867247
"901",918600
"902",9234334
"903",9623594
"904",9908895
"905",9972731
"906",10185288
"907",10464710
"908",10752828
"909",1099297
"910",11202061
"911",11540255
"912",12436898
"913",12553744
"914",12568991
"915",13483958
"916",14622402
"917",14694311
"918",1513188
"919",15869965
"920",17424766
"921",17946677
"922",18144117
"923",1829852
"924",19764927
"925",20236374
"926",2024575
"927",20537262
"928",20667358
"929",21200705
"930",21220514
"931",21297583
"932",22275982
"933",22460689
"934",22679416
"935",23075026
"936",23158628
"937",239227
"938",25771100
"939",26113578
"940",26422728
"941",26764990
"942",26767294
"943",27561848
"944",28215256
"945",28237298
"946",28550489
"947",28648562
"948",29377562
"949",29471143
"950",29512688
"951",29654005
"952",29696388
"953",30105365
"954",30115454
"955",30484437
"956",30570288
"957",3066622
"958",4103195
"959",5137593
"960",5623601
"961",6207394
"962",734353
"963",7392325
"964",8967849
"965",940011
"966",10600854
"967",10952007
"968",12279029
"969",12387047
"970",12675380
"971",12725221
"972",13432829
"973",13462196
"974",13649937
"975",14049527
"976",14159327
"977",15038661
"978",15476566
"979",15817783
"980",16576023
"981",17027489
"982",178613
"983",17958918
"984",18810767
"985",189062
"986",1913633
"987",19601397
"988",1991123
"989",2021902
"990",20639576
"991",20662822
"992",20755199
"993",21015180
"994",21864142
"995",21871513
"996",21961586
"997",21979181
"998",2219886
"999",23216291
"1000",23340752
"1001",23639382
"1002",24039378
"1003",24173685
"1004",24418999
"1005",2470670
"1006",24956947
"1007",25904383
"1008",25959941
"1009",25997156
"1010",26249975
"1011",26544445
"1012",26999009
"1013",27123252
"1014",27889648
"1015",28010146
"1016",28218100
"1017",28527657
"1018",28688749
"1019",28758318
"1020",2892870
"1021",29063624
"1022",29326802
"1023",30000948
"1024",30145308
"1025",30473665
"1026",30609826
"1027",3373947
"1028",398907
"1029",4046019
"1030",4176529
"1031",5015797
"1032",5238196
"1033",6292544
"1034",6571139
"1035",7398906
"1036",7455632
"1037",7569780
"1038",761084
"1039",9330852
"1040",9686434
"1041",10819907
"1042",10884842
"1043",11267503
"1044",11653432
"1045",11914621
"1046",12441425
"1047",12492104
"1048",12581411
"1049",12691004
"1050",13054019
"1051",15080250
"1052",15801321
"1053",16895183
"1054",16905695
"1055",1710062
"1056",17110586
"1057",18449148
"1058",18652502
"1059",18891633
"1060",18964858
"1061",19194265
"1062",19663426
"1063",21556622
"1064",22675115
"1065",24198940
"1066",24237720
"1067",24842188
"1068",24872824
"1069",25552268
"1070",25692335
"1071",2594700
"1072",25956648
"1073",26407222
"1074",26490257
"1075",27355416
"1076",27832966
"1077",28091049
"1078",28691782
"1079",28806711
"1080",28900248
"1081",29078340
"1082",29097132
"1083",29170257
"1084",29394899
"1085",29694526
"1086",29752756
"1087",3493017
"1088",407222
"1089",4548617
"1090",5083324
"1091",5572664
"1092",601947
"1093",6641367
"1094",670202
"1095",7376127
"1096",8938564
"1097",10128833
"1098",10132874
"1099",10384398
"1100",1039999
"1101",10870451
"1102",12184828
"1103",12486445
"1104",12717079
"1105",12745438
"1106",13255774
"1107",13478461
"1108",13712938
"1109",13951456
"1110",14361955
"1111",14413416
"1112",15033262
"1113",15447362
"1114",15823607
"1115",16388844
"1116",1717002
"1117",17301468
"1118",17651659
"1119",1965449
"1120",20246592
"1121",20939205
"1122",20997463
"1123",21032598
"1124",21459504
"1125",22034496
"1126",23932603
"1127",25649370
"1128",25677027
"1129",25733349
"1130",2697293
"1131",2712574
"1132",27518885
"1133",27983032
"1134",28207492
"1135",28523112
"1136",28852441
"1137",28941659
"1138",29173219
"1139",29232259
"1140",29437784
"1141",29686841
"1142",29736269
"1143",29816585
"1144",29845916
"1145",30466133
"1146",3109465
"1147",371304
"1148",4230007
"1149",5274332
"1150",5391422
"1151",607302
"1152",733753
"1153",7635698
"1154",9652929
"1155",988977
"1156",10044215
"1157",10795087
"1158",10947736
"1159",11030390
"1160",11535985
"1161",11591145
"1162",12005467
"1163",12711445
"1164",12908582
"1165",1341228
"1166",13473386
"1167",1395896
"1168",14425946
"1169",14943552
"1170",15404739
"1171",16527705
"1172",19940448
"1173",21889355
"1174",21953119
"1175",22094329
"1176",2304109
"1177",23092779
"1178",23310451
"1179",2358489
"1180",23975472
"1181",24275018
"1182",24408218
"1183",24585230
"1184",24761397
"1185",25679756
"1186",25739236
"1187",25839523
"1188",25979258
"1189",26467264
"1190",26992612
"1191",28127258
"1192",28529324
"1193",28681406
"1194",2888463
"1195",29079521
"1196",29356622
"1197",29357270
"1198",29425670
"1199",29429559
"1200",29454100
"1201",29463498
"1202",30403340
"1203",30427740
"1204",30455848
"1205",30567394
"1206",3157841
"1207",3189107
"1208",358193
"1209",3971955
"1210",3985978
"1211",4144572
"1212",4226670
"1213",4783573
"1214",4815063
"1215",5367079
"1216",5600709
"1217",5651677
"1218",5927167
"1219",6051429
"1220",6075667
"1221",6500211
"1222",6539570
"1223",6770131
"1224",6778412
"1225",6888050
"1226",6923753
"1227",7376787
"1228",748181
"1229",9073437
"1230",926336
"1231",9536000
"1232",9880143
"1233",9964429
"1234",10110672
"1235",10229932
"1236",10361917
"1237",10533844
"1238",1128000
"1239",11643021
"1240",11723743
"1241",11896300
"1242",11993618
"1243",12244643
"1244",12530573
"1245",12895065
"1246",14389560
"1247",15227764
"1248",15928315
"1249",16092727
"1250",16223451
"1251",17229768
"1252",17335058
"1253",18033764
"1254",182207
"1255",19303644
"1256",19634548
"1257",19692148
"1258",19894829
"1259",21130366
"1260",21281819
"1261",21448364
"1262",22465571
"1263",22637615
"1264",22768485
"1265",22905804
"1266",2343657
"1267",24486411
"1268",24516895
"1269",25875858
"1270",25979961
"1271",26124940
"1272",26437493
"1273",26478290
"1274",26646563
"1275",26959485
"1276",27530621
"1277",27543014
"1278",27549351
"1279",27613647
"1280",27751806
"1281",27785764
"1282",28780641
"1283",29201679
"1284",29353581
"1285",29522295
"1286",29685826
"1287",30130768
"1288",30145276
"1289",30361843
"1290",30365119
"1291",3195507
"1292",3525500
"1293",4185613
"1294",4292038
"1295",465032
"1296",4832029
"1297",502599
"1298",5321133
"1299",5384585
"1300",5787867
"1301",6937984
"1302",6975450
"1303",7383546
"1304",7540640
"1305",7695333
"1306",825447
"1307",889014
"1308",10201230
"1309",10383635
"1310",10528175
"1311",11386055
"1312",11440270
"1313",12558538
"1314",12713850
"1315",12755944
"1316",12797957
"1317",13370715
"1318",13409596
"1319",13431906
"1320",13507074
"1321",13823640
"1322",14051592
"1323",1458672
"1324",1463108
"1325",14680871
"1326",15122446
"1327",15154739
"1328",15920611
"1329",1602383
"1330",17187946
"1331",17320019
"1332",17932010
"1333",19046030
"1334",20371172
"1335",20376816
"1336",20378643
"1337",20719158
"1338",21140087
"1339",21355863
"1340",22000216
"1341",22488955
"1342",23595449
"1343",23885032
"1344",24588482
"1345",24813436
"1346",25568373
"1347",26012288
"1348",26980167
"1349",27184683
"1350",27738118
"1351",27786412
"1352",28825426
"1353",2892136
"1354",29112750
"1355",29222262
"1356",29357146
"1357",29570419
"1358",29746937
"1359",29759456
"1360",29782702
"1361",29955557
"1362",30227825
"1363",30484488
"1364",30504719
"1365",3574228
"1366",3859493
"1367",4304666
"1368",4437281
"1369",4677546
"1370",519259
"1371",5589246
"1372",5655369
"1373",6215788
"1374",7720335
"1375",9047113
"1376",9129130
"1377",9202750
"1378",9390202
"1379",10924356
"1380",10997860
"1381",11212689
"1382",11623340
"1383",12208681
"1384",12483325
"1385",12644803
"1386",12873638
"1387",12892312
"1388",13613392
"1389",13808819
"1390",13820923
"1391",14450040
"1392",15301790
"1393",1534966
"1394",15445539
"1395",1559770
"1396",16524792
"1397",17910501
"1398",18046159
"1399",1813766
"1400",18366622
"1401",18985490
"1402",20459112
"1403",20571621
"1404",20627467
"1405",21202296
"1406",2192684
"1407",22011774
"1408",22721398
"1409",22882532
"1410",23119259
"1411",23126800
"1412",2349545
"1413",23631476
"1414",24310363
"1415",25692015
"1416",26524650
"1417",26780421
"1418",2737049
"1419",2753131
"1420",27585399
"1421",27754896
"1422",27864939
"1423",28233541
"1424",28321462
"1425",28321787
"1426",28553302
"1427",28686080
"1428",29054927
"1429",29594414
"1430",29608580
"1431",29639649
"1432",29660537
"1433",29779392
"1434",29789643
"1435",30184004
"1436",30482625
"1437",30643978
"1438",3257681
"1439",3272044
"1440",375700
"1441",3912854
"1442",4144287
"1443",4500975
"1444",5037483
"1445",5073573
"1446",5197602
"1447",5784583
"1448",5904688
"1449",6349420
"1450",7348682
"1451",7492457
"1452",751621
"1453",9451683
"1454",9816110
"1455",9831500
"1456",10531371
"1457",11360118
"1458",11491320
"1459",11628580
"1460",11845255
"1461",12550222
"1462",12725273
"1463",12934424
"1464",13312667
"1465",13482920
"1466",13502332
"1467",1449070
"1468",15000452
"1469",15427558
"1470",17145241
"1471",17333486
"1472",17939727
"1473",1812876
"1474",19743261
"1475",20525894
"1476",20922226
"1477",21012919
"1478",21202297
"1479",21954554
"1480",2251599
"1481",22803990
"1482",23298135
"1483",2389290
"1484",24714005
"1485",24758089
"1486",250862
"1487",2552405
"1488",26238064
"1489",27096638
"1490",27515810
"1491",27681753
"1492",27879042
"1493",27909606
"1494",2795721
"1495",28012682
"1496",28172676
"1497",28283493
"1498",28290864
"1499",28650134
"1500",28998355
"1501",29084583
"1502",29295480
"1503",29498269
"1504",295674
"1505",29709101
"1506",30246538
"1507",30254638
"1508",30339210
"1509",3203546
"1510",3322300
"1511",3722784
"1512",4034901
"1513",4113705
"1514",4144251
"1515",4159453
"1516",4378937
"1517",4442296
"1518",5117962
"1519",5448703
"1520",5683568
"1521",5822266
"1522",6435227
"1523",701997
"1524",7038759
"1525",7091246
"1526",7788702
"1527",9346177
"1528",9561321
"1529",9751186
"1530",10417694
"1531",10444135
"1532",10676877
"1533",10968116
"1534",11011477
"1535",11293637
"1536",11464510
"1537",1236022
"1538",13176813
"1539",14480058
"1540",14754953
"1541",15971744
"1542",15995612
"1543",17097471
"1544",17302003
"1545",18185382
"1546",19255219
"1547",19336877
"1548",19710484
"1549",19814092
"1550",19842118
"1551",20357621
"1552",21483279
"1553",2229126
"1554",2235606
"1555",2254524
"1556",22630517
"1557",22672737
"1558",22711148
"1559",22830676
"1560",23685983
"1561",23838415
"1562",24422280
"1563",24431271
"1564",24449308
"1565",24877745
"1566",257758
"1567",25884285
"1568",26422051
"1569",26606994
"1570",27476699
"1571",27545872
"1572",27679252
"1573",2857930
"1574",28776442
"1575",29164080
"1576",29614530
"1577",29724943
"1578",29807068
"1579",30086492
"1580",30168789
"1581",30385058
"1582",30487992
"1583",30611362
"1584",30613063
"1585",30740981
"1586",3125184
"1587",3288346
"1588",3302736
"1589",4085537
"1590",4128133
"1591",4309664
"1592",507228
"1593",554956
"1594",5631304
"1595",5695692
"1596",6459060
"1597",663333
"1598",6909259
"1599",7249657
"1600",7343490
"1601",7353778
"1602",7783465
"1603",9412552
"1604",9624458
"1605",9719895
"1606",9892064
"1607",10148199
"1608",10217084
"1609",10503545
"1610",10670261
"1611",10763132
"1612",10925501
"1613",11913044
"1614",12007344
"1615",12546922
"1616",12694144
"1617",12963884
"1618",13081954
"1619",13312669
"1620",13358416
"1621",13402704
"1622",13718182
"1623",15539556
"1624",15577022
"1625",15930704
"1626",16313122
"1627",16511050
"1628",16623083
"1629",18164151
"1630",19229714
"1631",19993167
"1632",20400975
"1633",21062141
"1634",21064743
"1635",2112919
"1636",21175966
"1637",21313566
"1638",22130775
"1639",22881482
"1640",23971049
"1641",24171424
"1642",24412228
"1643",2458871
"1644",2485970
"1645",25663470
"1646",2652000
"1647",26520431
"1648",26703500
"1649",26724444
"1650",26825172
"1651",27005081
"1652",27143439
"1653",27737771
"1654",27762061
"1655",2783726
"1656",28236550
"1657",28272965
"1658",28494428
"1659",28919237
"1660",29199830
"1661",29209847
"1662",29686442
"1663",30287418
"1664",30421535
"1665",30613064
"1666",30658614
"1667",3166757
"1668",3351959
"1669",3722948
"1670",4125498
"1671",4758964
"1672",5042705
"1673",5348012
"1674",5360441
"1675",5511416
"1676",5618562
"1677",6346868
"1678",7343158
"1679",757259
"1680",8427
"1681",8981997
"1682",9073082
"1683",935459
"1684",9651026
"1685",9830162
"1686",10741335
"1687",11050124
"1688",11457673
"1689",11481559
"1690",11562973
"1691",11728988
"1692",11762719
"1693",12006616
"1694",12057746
"1695",12442045
"1696",12735941
"1697",13375265
"1698",13849791
"1699",14222551
"1700",14461844
"1701",14536607
"1702",15574963
"1703",16147326
"1704",1618895
"1705",1625527
"1706",17032401
"1707",17114004
"1708",17939612
"1709",17958729
"1710",18668405
"1711",18864100
"1712",19713609
"1713",21010527
"1714",21043468
"1715",22308670
"1716",22458205
"1717",23216958
"1718",23565401
"1719",24222365
"1720",26141712
"1721",26447137
"1722",26501758
"1723",26556541
"1724",26568863
"1725",27146202
"1726",27291571
"1727",27527478
"1728",27850640
"1729",28171382
"1730",28340708
"1731",28694878
"1732",28819239
"1733",28971979
"1734",29021585
"1735",29223239
"1736",29498154
"1737",29693689
"1738",29792184
"1739",29835555
"1740",30294880
"1741",30710102
"1742",3164200
"1743",3182426
"1744",3304934
"1745",4935823
"1746",51512
"1747",540241
"1748",5457454
"1749",5753347
"1750",579311
"1751",6238201
"1752",6413846
"1753",66552
"1754",6834786
"1755",6917982
"1756",7320389
"1757",7626966
"1758",9747355
"1759",9783607
"1760",10390363
"1761",10439044
"1762",11210424
"1763",11632787
"1764",11802887
"1765",11935538
"1766",12025328
"1767",12274674
"1768",12380865
"1769",12803397
"1770",12856353
"1771",13211500
"1772",13414541
"1773",13607411
"1774",14940643
"1775",15869697
"1776",15980413
"1777",16035006
"1778",16421629
"1779",17099094
"1780",17108589
"1781",17132483
"1782",17448492
"1783",18156954
"1784",18308496
"1785",18832421
"1786",19315774
"1787",1996011
"1788",20487107
"1789",20542376
"1790",20697401
"1791",21280493
"1792",21427184
"1793",22325636
"1794",22337840
"1795",22364237
"1796",22624580
"1797",22675089
"1798",23072210
"1799",23176099
"1800",2332854
"1801",23564629
"1802",24179833
"1803",24944563
"1804",25578224
"1805",25722098
"1806",25727336
"1807",2578023
"1808",26185427
"1809",26235971
"1810",27176183
"1811",27211561
"1812",29147398
"1813",29276359
"1814",29767525
"1815",29804442
"1816",29810058
"1817",29990888
"1818",30019778
"1819",30087467
"1820",30110479
"1821",30393368
"1822",30394060
"1823",30650380
"1824",30675590
"1825",3399247
"1826",3490399
"1827",3908287
"1828",4015618
"1829",4216020
"1830",4241374
"1831",4375817
"1832",5135254
"1833",6383940
"1834",6525023
"1835",672534
"1836",6741708
"1837",6994168
"1838",7322423
"1839",7589149
"1840",7692261
"1841",9093299
"1842",9947354
"1843",10609596
"1844",10797255
"1845",11473712
"1846",12358104
"1847",13905583
"1848",14150175
"1849",14561520
"1850",14998876
"1851",15688617
"1852",15749853
"1853",15764009
"1854",17191137
"1855",17241555
"1856",17357728
"1857",18322301
"1858",18418503
"1859",18652314
"1860",19068943
"1861",19620253
"1862",19623089
"1863",19700362
"1864",1971785
"1865",20523710
"1866",20723790
"1867",20803197
"1868",21481013
"1869",22088893
"1870",22828709
"1871",23119930
"1872",23492792
"1873",23647169
"1874",23668283
"1875",24251987
"1876",24263407
"1877",25790238
"1878",2625436
"1879",26998426
"1880",27041705
"1881",27248850
"1882",27304017
"1883",27869615
"1884",28330909
"1885",28475891
"1886",28586212
"1887",28685069
"1888",2888516
"1889",28891754
"1890",29195567
"1891",29236129
"1892",29245697
"1893",29345407
"1894",29432400
"1895",29695850
"1896",29746790
"1897",29767607
"1898",29797299
"1899",29802247
"1900",30253139
"1901",30264083
"1902",30428360
"1903",30499579
"1904",30727791
"1905",3583072
"1906",4370174
"1907",477406
"1908",6531423
"1909",6678223
"1910",7162783
"1911",7354267
"1912",7376678
"1913",7520758
"1914",7597457
"1915",7607482
"1916",7654471
"1917",9130711
"1918",9361535
"1919",9857157
"1920",10365336
"1921",10556956
"1922",10569394
"1923",10817569
"1924",11602647
"1925",11799811
"1926",12535333
"1927",13680647
"1928",14422390
"1929",15030149
"1930",15438138
"1931",15539893
"1932",15870453
"1933",16665720
"1934",18142032
"1935",1846758
"1936",1877998
"1937",1953722
"1938",19701948
"1939",19791561
"1940",19925319
"1941",20290468
"1942",20685695
"1943",21091684
"1944",22057573
"1945",23269304
"1946",23398680
"1947",24399679
"1948",24431852
"1949",25538121
"1950",25745527
"1951",26015184
"1952",26417656
"1953",26465950
"1954",26703180
"1955",26996852
"1956",27309707
"1957",27741897
"1958",27844695
"1959",27892575
"1960",28215197
"1961",28284146
"1962",28349847
"1963",28523087
"1964",29484341
"1965",29564162
"1966",29622923
"1967",29699253
"1968",29808710
"1969",3115388
"1970",3190736
"1971",3398033
"1972",3653499
"1973",4200416
"1974",4852882
"1975",497748
"1976",5002523
"1977",5494726
"1978",5520618
"1979",586109
"1980",6706925
"1981",6941014
"1982",7692425
"1983",822827
"1984",858035
"1985",8989795
"1986",9340881
"1987",9466116
"1988",10440496
"1989",11235600
"1990",12110867
"1991",12919699
"1992",1406254
"1993",14971273
"1994",15163422
"1995",15210672
"1996",1582655
"1997",164243
"1998",18092066
"1999",18409271
"2000",18462038
"2001",19038515
"2002",19754004
"2003",201728
"2004",20502067
"2005",2056854
"2006",21027523
"2007",21033058
"2008",21033760
"2009",2137322
"2010",21404830
"2011",21542620
"2012",24060413
"2013",24293190
"2014",2437518
"2015",26167574
"2016",26580151
"2017",26743817
"2018",26997456
"2019",28764658
"2020",28957492
"2021",29545902
"2022",29595808
"2023",30380239
"2024",30797390
"2025",328845
"2026",3570636
"2027",3738810
"2028",3795844
"2029",3985960
"2030",4042026
"2031",4678003
"2032",4690513
"2033",4820752
"2034",4978118
"2035",5013135
"2036",5051827
"2037",5499966
"2038",5697362
"2039",692760
"2040",9501621
"2041",10366805
"2042",10478595
"2043",10558622
"2044",10670762
"2045",10679033
"2046",10716068
"2047",11043208
"2048",11232389
"2049",11248120
"2050",11410877
"2051",11688672
"2052",11975943
"2053",12486998
"2054",12562227
"2055",12855709
"2056",13190012
"2057",13287231
"2058",13523454
"2059",13741885
"2060",13960512
"2061",14774570
"2062",15484689
"2063",16087652
"2064",16479666
"2065",16499556
"2066",17211461
"2067",17354526
"2068",17686528
"2069",18139128
"2070",18391704
"2071",18443779
"2072",18742227
"2073",1919010
"2074",1980166
"2075",19835825
"2076",19844041
"2077",20215003
"2078",2084232
"2079",21064299
"2080",21430049
"2081",22821079
"2082",24268568
"2083",24481480
"2084",24496718
"2085",24500820
"2086",2522893
"2087",25815143
"2088",25951764
"2089",2618400
"2090",26612462
"2091",27107363
"2092",27140041
"2093",27154389
"2094",27210223
"2095",27213059
"2096",27244505
"2097",27299242
"2098",27649162
"2099",27879176
"2100",28028665
"2101",28097902
"2102",28450684
"2103",28458145
"2104",28567135
"2105",28686133
"2106",28900765
"2107",2923898
"2108",29332567
"2109",29682758
"2110",29695321
"2111",29712673
"2112",30424060
"2113",30652580
"2114",30734589
"2115",3141642
"2116",3425638
"2117",4049129
"2118",4146455
"2119",4175750
"2120",4268577
"2121",520563
"2122",5368197
"2123",5495907
"2124",6424182
"2125",6995233
"2126",7040169
"2127",7751674
"2128",9327400
"2129",10574166
"2130",11000350
"2131",11132354
"2132",12276794
"2133",12945421
"2134",14112595
"2135",14461282
"2136",14477375
"2137",14603509
"2138",14779765
"2139",15106715
"2140",1531608
"2141",15746571
"2142",15975568
"2143",16109630
"2144",16121438
"2145",16898329
"2146",18012589
"2147",1804874
"2148",1833755
"2149",18360628
"2150",19920911
"2151",20684068
"2152",21680250
"2153",2202970
"2154",2231356
"2155",23501434
"2156",24054881
"2157",24481562
"2158",24540070
"2159",25812426
"2160",26177827
"2161",27324569
"2162",2732729
"2163",27466995
"2164",28110006
"2165",28140355
"2166",28326016
"2167",28474553
"2168",28551818
"2169",28674669
"2170",28684596
"2171",29041525
"2172",2939423
"2173",29474336
"2174",29664290
"2175",29732032
"2176",29743995
"2177",29745939
"2178",29749836
"2179",29770355
"2180",29776115
"2181",29793251
"2182",29850996
"2183",29853957
"2184",30005192
"2185",30411542
"2186",30480654
"2187",3387100
"2188",3751475
"2189",4133081
"2190",4330479
"2191",4397746
"2192",4809298
"2193",5357875
"2194",597218
"2195",6032784
"2196",6529088
"2197",6643216
"2198",6879611
"2199",7817078
"2200",9928567
"2201",10294636
"2202",10417341
"2203",1094911
"2204",11660665
"2205",12067067
"2206",13205440
"2207",13275650
"2208",13920734
"2209",13955907
"2210",13959886
"2211",14127554
"2212",14215024
"2213",14232359
"2214",14261816
"2215",14458953
"2216",14860585
"2217",1570750
"2218",16518367
"2219",1762269
"2220",18092438
"2221",18766674
"2222",195323
"2223",19820788
"2224",19832866
"2225",20001561
"2226",20037463
"2227",20321241
"2228",20569382
"2229",20965931
"2230",21066947
"2231",21094487
"2232",21428783
"2233",22522273
"2234",22905375
"2235",23580636
"2236",24594982
"2237",24716094
"2238",24948754
"2239",25590334
"2240",26080203
"2241",26454767
"2242",26621329
"2243",26636864
"2244",26648654
"2245",27497253
"2246",27599322
"2247",27918246
"2248",28157385
"2249",28382493
"2250",28768927
"2251",29036964
"2252",29606033
"2253",29954109
"2254",30234108
"2255",30271710
"2256",30598411
"2257",30712512
"2258",30740377
"2259",3159069
"2260",3287959
"2261",3500348
"2262",3626079
"2263",3727914
"2264",3845120
"2265",3938730
"2266",4410714
"2267",4539451
"2268",530366
"2269",5624031
"2270",5822365
"2271",644838
"2272",6455586
"2273",7052500
"2274",7383530
"2275",823767
"2276",844962
"2277",8950485
"2278",9735535
"2279",9857170
"2280",10103610
"2281",10121629
"2282",1038725
"2283",10610400
"2284",10663268
"2285",10826573
"2286",11618339
"2287",1207358
"2288",12413216
"2289",12721070
"2290",12735255
"2291",13357209
"2292",13934433
"2293",14872
"2294",16068700
"2295",16197004
"2296",16279760
"2297",18013977
"2298",1819096
"2299",18266643
"2300",1826881
"2301",18771895
"2302",18826281
"2303",18910179
"2304",1898909
"2305",19594286
"2306",20813912
"2307",20884482
"2308",21129272
"2309",21828492
"2310",22511951
"2311",23341425
"2312",24387695
"2313",24533683
"2314",24935380
"2315",25996335
"2316",26216285
"2317",26580687
"2318",26581910
"2319",26849706
"2320",26980971
"2321",27096413
"2322",27129777
"2323",27210802
"2324",27517116
"2325",27544297
"2326",27688216
"2327",27754960
"2328",28060374
"2329",28077358
"2330",28804378
"2331",28983497
"2332",2954202
"2333",29706402
"2334",29729047
"2335",30139718
"2336",30392573
"2337",30585155
"2338",3146352
"2339",3448005
"2340",3986116
"2341",4785378
"2342",4882622
"2343",6491802
"2344",6817873
"2345",7208102
"2346",7220081
"2347",7597840
"2348",7609891
"2349",7667202
"2350",9357419
"2351",9712153
"2352",10563026
"2353",11040502
"2354",11507937
"2355",1179810
"2356",11908248
"2357",11948730
"2358",12906409
"2359",13464049
"2360",13477513
"2361",13479421
"2362",1361682
"2363",14475884
"2364",14556226
"2365",15215014
"2366",15224825
"2367",15507975
"2368",1551672
"2369",15923513
"2370",17091315
"2371",17212770
"2372",18084060
"2373",18141273
"2374",18691048
"2375",18949457
"2376",19374975
"2377",19475333
"2378",19938302
"2379",20006432
"2380",20667349
"2381",20869994
"2382",21052151
"2383",21937889
"2384",22597804
"2385",22615146
"2386",22693212
"2387",24112212
"2388",2447783
"2389",2459942
"2390",24935787
"2391",25555425
"2392",25587150
"2393",25674667
"2394",2591639
"2395",26038581
"2396",26113532
"2397",26734713
"2398",27138237
"2399",27279646
"2400",27553414
"2401",27794327
"2402",2788938
"2403",28174153
"2404",28241374
"2405",28493924
"2406",29150400
"2407",29300278
"2408",29368805
"2409",29463935
"2410",29593670
"2411",29705800
"2412",29763482
"2413",30686334
"2414",3123457
"2415",3746014
"2416",4374898
"2417",4622667
"2418",4685424
"2419",506888
"2420",5368083
"2421",5374112
"2422",5502236
"2423",5603252
"2424",5661627
"2425",6178245
"2426",6685402
"2427",6689912
"2428",6722437
"2429",6932443
"2430",7116042
"2431",7244149
"2432",7685717
"2433",7739537
"2434",839870
"2435",8969504
"2436",9056252
"2437",937754
"2438",9580007
"2439",9759531
"2440",995354
"2441",10012109
"2442",10140963
"2443",10423086
"2444",10780774
"2445",10968749
"2446",11205997
"2447",11526243
"2448",11819563
"2449",11933854
"2450",1225882
"2451",12740477
"2452",12960491
"2453",13266699
"2454",14641970
"2455",15086488
"2456",15104162
"2457",1580310
"2458",15915414
"2459",15946122
"2460",16382785
"2461",16954825
"2462",17121349
"2463",19332918
"2464",19846567
"2465",2097657
"2466",21467512
"2467",21536560
"2468",22152547
"2469",22352176
"2470",22505879
"2471",22526786
"2472",22685771
"2473",22756268
"2474",23263019
"2475",23752692
"2476",23777613
"2477",24539571
"2478",24705530
"2479",24816302
"2480",24955065
"2481",27151602
"2482",2749725
"2483",27591125
"2484",27665042
"2485",27808250
"2486",28563945
"2487",28777146
"2488",28899556
"2489",28997197
"2490",29347449
"2491",29471009
"2492",29699548
"2493",29741522
"2494",30338908
"2495",30424515
"2496",30479173
"2497",3053195
"2498",30592492
"2499",30808762
"2500",3124925
"2501",3367007
"2502",3796830
"2503",4696162
"2504",501532
"2505",5308819
"2506",5660944
"2507",6379584
"2508",6591966
"2509",6945990
"2510",7056806
"2511",9327937
"2512",10370815
"2513",10551076
"2514",11506886
"2515",13721919
"2516",14005643
"2517",14165844
"2518",1426033
"2519",14618111
"2520",15005668
"2521",15785140
"2522",15879434
"2523",15938104
"2524",160398
"2525",16502278
"2526",18335081
"2527",1883223
"2528",18874858
"2529",189054
"2530",19276516
"2531",19950940
"2532",20017946
"2533",20257229
"2534",20564679
"2535",20752148
"2536",20937990
"2537",21164104
"2538",21230641
"2539",21272735
"2540",21957087
"2541",23624253
"2542",24404562
"2543",24497542
"2544",25649315
"2545",25649766
"2546",26675964
"2547",27277866
"2548",28017366
"2549",28322907
"2550",28440032
"2551",28776625
"2552",28839436
"2553",28956076
"2554",29365602
"2555",29457132
"2556",29521022
"2557",29542380
"2558",2965636
"2559",29685977
"2560",29750721
"2561",29802796
"2562",29805388
"2563",30442750
"2564",30455099
"2565",30458555
"2566",30576950
"2567",30720661
"2568",30752341
"2569",3420206
"2570",3682440
"2571",3757780
"2572",3902175
"2573",4551389
"2574",5229322
"2575",5296201
"2576",6600650
"2577",7162999
"2578",7255383
"2579",7668709
"2580",889778
"2581",9061230
"2582",9753034
"2583",9781970
"2584",9792662
"2585",10128086
"2586",10152142
"2587",10571949
"2588",10760273
"2589",10985517
"2590",11831543
"2591",12076071
"2592",12671151
"2593",14377138
"2594",1438725
"2595",16076516
"2596",16396034
"2597",16499283
"2598",16500334
"2599",16875979
"2600",16918863
"2601",1793107
"2602",1834291
"2603",1848395
"2604",18507207
"2605",19951670
"2606",2038636
"2607",20722539
"2608",21480834
"2609",21917307
"2610",22185246
"2611",22428084
"2612",22688860
"2613",22717588
"2614",22835198
"2615",23277421
"2616",23493700
"2617",23646340
"2618",23976722
"2619",24224329
"2620",24532138
"2621",24615253
"2622",24716387
"2623",24888297
"2624",25603037
"2625",27181214
"2626",27318184
"2627",27891494
"2628",28046617
"2629",28282093
"2630",28788786
"2631",28996271
"2632",29154175
"2633",29695616
"2634",30078332
"2635",30084524
"2636",30086018
"2637",30268773
"2638",30736179
"2639",319456
"2640",3254329
"2641",3575189
"2642",3918151
"2643",4285313
"2644",4919562
"2645",5199039
"2646",6234612
"2647",6411345
"2648",6442710
"2649",6538499
"2650",6608112
"2651",7075645
"2652",7378397
"2653",7750834
"2654",7808876
"2655",10174798
"2656",10179748
"2657",10527516
"2658",11029301
"2659",11292237
"2660",11313855
"2661",11603349
"2662",12158369
"2663",12378338
"2664",12429610
"2665",13528213
"2666",14425900
"2667",14723286
"2668",15036008
"2669",1531498
"2670",16003715
"2671",16401272
"2672",17319217
"2673",17324563
"2674",18286745
"2675",18853835
"2676",1995140
"2677",20476110
"2678",21151957
"2679",21537698
"2680",22095012
"2681",22613449
"2682",22706202
"2683",23236788
"2684",23626532
"2685",24244472
"2686",24568248
"2687",24889233
"2688",26098462
"2689",26187643
"2690",26203572
"2691",26734681
"2692",26953345
"2693",27375056
"2694",28418011
"2695",28637621
"2696",28952838
"2697",29424806
"2698",29708685
"2699",29711096
"2700",30261997
"2701",30265650
"2702",30303413
"2703",30676087
"2704",33137
"2705",3825155
"2706",3920078
"2707",4065921
"2708",5301846
"2709",5361192
"2710",5500584
"2711",6486344
"2712",6626627
"2713",6905348
"2714",6939062
"2715",7295859
"2716",7493949
"2717",7664327
"2718",7765875
"2719",9576916
"2720",9817189
"2721",10118575
"2722",10350766
"2723",10422937
"2724",11232900
"2725",11971117
"2726",12115835
"2727",12134627
"2728",12187746
"2729",12410512
"2730",13168124
"2731",13172327
"2732",13843638
"2733",13937689
"2734",14123960
"2735",14235173
"2736",15098119
"2737",1555655
"2738",15724087
"2739",16136944
"2740",16516843
"2741",16906499
"2742",17340188
"2743",17403124
"2744",19641874
"2745",1988545
"2746",19973137
"2747",20000433
"2748",20563466
"2749",21543854
"2750",21688458
"2751",21849981
"2752",2211112
"2753",23405015
"2754",23668915
"2755",24336246
"2756",24710385
"2757",24787903
"2758",24923307
"2759",25806205
"2760",27888391
"2761",28284822
"2762",28301598
"2763",28398763
"2764",29178865
"2765",29617803
"2766",29664874
"2767",29737855
"2768",29787030
"2769",29809369
"2770",30132748
"2771",30338795
"2772",30792782
"2773",30841525
"2774",3249444
"2775",3276011
"2776",3803484
"2777",4088981
"2778",4439215
"2779",4965662
"2780",5017005
"2781",5217247
"2782",5780882
"2783",7106165
"2784",7502471
"2785",7650143
"2786",9440197
"2787",10115740
"2788",10292375
"2789",10441568
"2790",13035348
"2791",13340646
"2792",13379680
"2793",13564594
"2794",13664511
"2795",13731318
"2796",14997393
"2797",15488234
"2798",15905744
"2799",16169228
"2800",16465247
"2801",17384604
"2802",17932407
"2803",18881007
"2804",20966631
"2805",21929145
"2806",22173909
"2807",22338465
"2808",22430633
"2809",22452062
"2810",22597161
"2811",22633836
"2812",22862957
"2813",23198701
"2814",2329690
"2815",24597301
"2816",24872738
"2817",25618449
"2818",25702724
"2819",26260201
"2820",26576247
"2821",26978313
"2822",27282152
"2823",27315838
"2824",27804484
"2825",28019935
"2826",28140165
"2827",28340244
"2828",28519480
"2829",28653210
"2830",2876747
"2831",28926884
"2832",29042190
"2833",29143567
"2834",29184607
"2835",29275372
"2836",29560780
"2837",29568485
"2838",29622330
"2839",29704672
"2840",29749565
"2841",30118583
"2842",30649322
"2843",314797
"2844",4016206
"2845",4569807
"2846",4644678
"2847",6451335
"2848",6886874
"2849",7362676
"2850",7645087
"2851",9551014
"2852",9590930
"2853",9653453
"2854",9822248
"2855",9878409
"2856",9917973
"2857",10265808
"2858",10830053
"2859",11071217
"2860",11112437
"2861",11880363
"2862",12502620
"2863",13241421
"2864",13553984
"2865",13636153
"2866",13804101
"2867",14289347
"2868",14334120
"2869",14740505
"2870",14785650
"2871",14937480
"2872",15407126
"2873",16111123
"2874",16315631
"2875",17062567
"2876",17203830
"2877",17695132
"2878",17771876
"2879",18589706
"2880",19104126
"2881",20659426
"2882",20982832
"2883",21140330
"2884",21851953
"2885",21867596
"2886",21941656
"2887",23941184
"2888",24752237
"2889",24888958
"2890",24924821
"2891",26458799
"2892",26649355
"2893",27378641
"2894",27569234
"2895",27608302
"2896",27743131
"2897",27771608
"2898",27821945
"2899",28088309
"2900",28196985
"2901",28216559
"2902",29086436
"2903",29478206
"2904",2959368
"2905",30072125
"2906",30112328
"2907",30277399
"2908",30410048
"2909",30600777
"2910",30752427
"2911",3159662
"2912",393142
"2913",4037565
"2914",4836045
"2915",6449735
"2916",6452353
"2917",6946030
"2918",705226
"2919",7255018
"2920",857084
"2921",897927
"2922",9787203
"2923",9807354
"2924",9905814
"2925",10077033
"2926",10083595
"2927",1027348
"2928",10307307
"2929",10775812
"2930",11054127
"2931",12450908
"2932",12655370
"2933",1284343
"2934",13083437
"2935",13405736
"2936",13611476
"2937",13782738
"2938",14170501
"2939",1531465
"2940",15883318
"2941",16053345
"2942",16579315
"2943",1673521
"2944",17066221
"2945",17805400
"2946",17956809
"2947",17961830
"2948",1911236
"2949",19862656
"2950",19917817
"2951",20268999
"2952",20283000
"2953",20468960
"2954",20503393
"2955",22862634
"2956",23248914
"2957",23252504
"2958",24035649
"2959",24084140
"2960",24384093
"2961",24401282
"2962",24810017
"2963",25747169
"2964",26158559
"2965",26593998
"2966",26637403
"2967",26773529
"2968",27021432
"2969",27043474
"2970",27106898
"2971",27203610
"2972",27365961
"2973",27585804
"2974",27809274
"2975",28130942
"2976",28788998
"2977",29235549
"2978",29367273
"2979",29423469
"2980",30369136
"2981",3342920
"2982",3880905
"2983",3963525
"2984",404339
"2985",4069084
"2986",4162350
"2987",4336177
"2988",4411579
"2989",46236
"2990",4800351
"2991",5002590
"2992",5605249
"2993",584970
"2994",5981567
"2995",6111813
"2996",6168866
"2997",6322006
"2998",6414482
"2999",6488049
"3000",6794364
"3001",7080671
"3002",7325084
"3003",7377474
"3004",7480208
"3005",9547264
"3006",9609878
"3007",10174766
"3008",10506541
"3009",10617025
"3010",10750153
"3011",1076246
"3012",10964868
"3013",11145343
"3014",11153687
"3015",11224066
"3016",11840585
"3017",11913241
"3018",12043550
"3019",12105470
"3020",12278271
"3021",13108377
"3022",13255491
"3023",13478827
"3024",13893475
"3025",14165364
"3026",14181195
"3027",14695823
"3028",15012685
"3029",15304663
"3030",15366692
"3031",15941305
"3032",16088889
"3033",16129577
"3034",16266638
"3035",16302376
"3036",17149662
"3037",18662265
"3038",1998601
"3039",20351483
"3040",22236849
"3041",2275297
"3042",22851330
"3043",23277959
"3044",24389990
"3045",24778628
"3046",24808949
"3047",25555929
"3048",25726433
"3049",25812572
"3050",25814110
"3051",26112000
"3052",26424725
"3053",26594484
"3054",26774060
"3055",27120334
"3056",27143681
"3057",27754032
"3058",27786118
"3059",27907366
"3060",28454188
"3061",29660700
"3062",29674147
"3063",29682166
"3064",29710623
"3065",29761591
"3066",29811838
"3067",3011685
"3068",30399035
"3069",3258565
"3070",3416424
"3071",3490837
"3072",3947326
"3073",417804
"3074",4205227
"3075",4583741
"3076",6162205
"3077",6299202
"3078",7289473
"3079",7458682
"3080",848789
"3081",9627248
"3082",9761843
"3083",10766166
"3084",10785291
"3085",12003069
"3086",12362089
"3087",12954721
"3088",12973144
"3089",13618462
"3090",14115540
"3091",14425249
"3092",15577013
"3093",18049609
"3094",18098425
"3095",18140274
"3096",1826611
"3097",18869492
"3098",18949024
"3099",19145908
"3100",2023981
"3101",20764080
"3102",21014739
"3103",21321251
"3104",21937744
"3105",22020966
"3106",22840306
"3107",2292802
"3108",23276087
"3109",23896791
"3110",24089011
"3111",24386741
"3112",24716852
"3113",24948981
"3114",25825173
"3115",2628016
"3116",2697335
"3117",27905909
"3118",2793851
"3119",28205707
"3120",28400223
"3121",28621002
"3122",28873346
"3123",28928714
"3124",28963175
"3125",28996647
"3126",29575616
"3127",29608448
"3128",29777315
"3129",29955353
"3130",30014861
"3131",30046046
"3132",3453776
"3133",4901568
"3134",5179984
"3135",5280279
"3136",5552943
"3137",5967565
"3138",6191664
"3139",6406465
"3140",6836314
"3141",6867473
"3142",7141657
"3143",7246525
"3144",7577681
"3145",7585042
"3146",7643885
"3147",8095784
"3148",9471729
"3149",9828507
"3150",10738258
"3151",11876245
"3152",12133499
"3153",12179985
"3154",12960590
"3155",13182755
"3156",13275545
"3157",13473798
"3158",13942021
"3159",14603495
"3160",15286954
"3161",15374299
"3162",15606075
"3163",15653677
"3164",16391181
"3165",16466025
"3166",17712695
"3167",17961996
"3168",18435872
"3169",18558146
"3170",18891065
"3171",23141410
"3172",235673
"3173",23961861
"3174",24211457
"3175",2456298
"3176",24604118
"3177",25749331
"3178",25806832
"3179",26090395
"3180",26540926
"3181",26642383
"3182",27142341
"3183",27338621
"3184",27433300
"3185",27649347
"3186",27743379
"3187",27834963
"3188",27835034
"3189",28184342
"3190",28642974
"3191",28921244
"3192",29345973
"3193",29453739
"3194",29729968
"3195",29731695
"3196",29755806
"3197",30013188
"3198",30150663
"3199",30207237
"3200",30362569
"3201",30448357
"3202",3423879
"3203",3655188
"3204",3683916
"3205",3793879
"3206",4859891
"3207",5102998
"3208",6048817
"3209",7242098
"3210",9256468
"3211",10061025
"3212",10069225
"3213",10349044
"3214",10394332
"3215",10570499
"3216",10734983
"3217",10948922
"3218",1103978
"3219",11358476
"3220",13221374
"3221",13226649
"3222",13276969
"3223",13952517
"3224",13993846
"3225",14035802
"3226",1501084
"3227",15234853
"3228",15420252
"3229",15601044
"3230",15738944
"3231",1602668
"3232",16080079
"3233",17062373
"3234",17132393
"3235",17309351
"3236",1738404
"3237",1742607
"3238",20318401
"3239",2054439
"3240",20606645
"3241",20702954
"3242",2080359
"3243",20942363
"3244",20993781
"3245",21021012
"3246",21071206
"3247",21534301
"3248",2185597
"3249",22478006
"3250",22509218
"3251",22512818
"3252",22532753
"3253",22631573
"3254",22879261
"3255",23142140
"3256",23207102
"3257",23580577
"3258",25555689
"3259",25567073
"3260",257760
"3261",25787042
"3262",26704880
"3263",26725823
"3264",27042217
"3265",27188540
"3266",27537892
"3267",27689173
"3268",27750101
"3269",28347892
"3270",28417830
"3271",28482595
"3272",28483161
"3273",28624010
"3274",28649095
"3275",28665745
"3276",28684456
"3277",28816972
"3278",29090201
"3279",29534622
"3280",29666338
"3281",29793481
"3282",3005865
"3283",30287906
"3284",3865276
"3285",3873989
"3286",388585
"3287",420876
"3288",4999301
"3289",5213941
"3290",5690898
"3291",7418535
"3292",7668808
"3293",7766700
"3294",802070
"3295",838378
"3296",887356
"3297",9547925
"3298",9903587
"3299",10105333
"3300",10647585
"3301",10985210
"3302",11145059
"3303",12311989
"3304",12669398
"3305",12909517
"3306",13288480
"3307",13832098
"3308",1386912
"3309",13879231
"3310",14022465
"3311",14049457
"3312",14598548
"3313",14953686
"3314",14993385
"3315",15141118
"3316",1596504
"3317",17074038
"3318",17467483
"3319",18248845
"3320",18438141
"3321",18443523
"3322",18472404
"3323",18807510
"3324",18874138
"3325",19046361
"3326",19161785
"3327",19246970
"3328",19726409
"3329",19852661
"3330",20325242
"3331",21049347
"3332",22084211
"3333",23258071
"3334",24036959
"3335",24048136
"3336",24086260
"3337",24371498
"3338",2440332
"3339",24924908
"3340",25994782
"3341",26122625
"3342",26781147
"3343",268697
"3344",27176751
"3345",27550186
"3346",2756710
"3347",27875311
"3348",28037644
"3349",28473479
"3350",28506968
"3351",28689245
"3352",2870669
"3353",29067613
"3354",29129119
"3355",29225059
"3356",29391415
"3357",29398724
"3358",29578670
"3359",29605372
"3360",29735143
"3361",30052448
"3362",30404069
"3363",30426812
"3364",30490442
"3365",30662612
"3366",333153
"3367",3568574
"3368",4431888
"3369",4468518
"3370",4618160
"3371",5087475
"3372",5437764
"3373",5497065
"3374",5548824
"3375",5629905
"3376",6248446
"3377",7203462
"3378",7565029
"3379",7773578
"3380",826183
"3381",9149144
"3382",9285972
"3383",9459023
"3384",10059138
"3385",10500786
"3386",10809054
"3387",11389555
"3388",11672974
"3389",11801132
"3390",1209739
"3391",1335090
"3392",13503760
"3393",13841134
"3394",13881446
"3395",14210881
"3396",14611723
"3397",15455102
"3398",15508725
"3399",157349
"3400",16307907
"3401",17439449
"3402",18289067
"3403",18754826
"3404",20502183
"3405",20504541
"3406",20737354
"3407",20790986
"3408",21936118
"3409",22005011
"3410",22236286
"3411",2238527
"3412",23209706
"3413",24063941
"3414",24573981
"3415",24872178
"3416",25706430
"3417",26246737
"3418",26442595
"3419",27579825
"3420",27679455
"3421",28088856
"3422",2812619
"3423",28392524
"3424",28573686
"3425",28683936
"3426",2876718
"3427",29083526
"3428",29100508
"3429",29707280
"3430",29708333
"3431",29739979
"3432",29777977
"3433",30058335
"3434",30172707
"3435",3086156
"3436",3278216
"3437",3637046
"3438",4811913
"3439",5148423
"3440",5578804
"3441",7253945
"3442",7484525
"3443",9845854
"3444",10350991
"3445",11025379
"3446",11118457
"3447",11353573
"3448",11534572
"3449",11667917
"3450",1179545
"3451",12468267
"3452",13236498
"3453",13254443
"3454",13272425
"3455",14492628
"3456",14687242
"3457",14726428
"3458",14994935
"3459",15252225
"3460",16545616
"3461",17014207
"3462",17098115
"3463",18141052
"3464",18581522
"3465",18852062
"3466",2023616
"3467",20903684
"3468",20912512
"3469",22903824
"3470",24389301
"3471",2551106
"3472",26463746
"3473",26496894
"3474",26631532
"3475",2686648
"3476",26964588
"3477",269797
"3478",27141328
"3479",27163333
"3480",27317024
"3481",27879210
"3482",28055303
"3483",28249515
"3484",28332855
"3485",28781992
"3486",29231009
"3487",29499535
"3488",2960337
"3489",29688391
"3490",29773099
"3491",3423026
"3492",3429075
"3493",39123
"3494",4572848
"3495",459336
"3496",5387348
"3497",5731552
"3498",5885598
"3499",5932847
"3500",6382142
"3501",6993478
"3502",6995836
"3503",7099119
"3504",7331453
"3505",7440443
"3506",9839168
"3507",9875258
"3508",10067780
"3509",10397504
"3510",11608607
"3511",11794647
"3512",12013091
"3513",12914460
"3514",13511448
"3515",13718061
"3516",13772007
"3517",13798892
"3518",13957147
"3519",14008590
"3520",14666093
"3521",15180712
"3522",17146338
"3523",17334960
"3524",17979640
"3525",18300461
"3526",18946113
"3527",2086456
"3528",21048873
"3529",21240545
"3530",21967981
"3531",2224551
"3532",22890596
"3533",22899029
"3534",23405359
"3535",24680533
"3536",2496578
"3537",25583277
"3538",25705334
"3539",25764519
"3540",2591914
"3541",2615061
"3542",26491863
"3543",26632136
"3544",26766129
"3545",27125705
"3546",27872353
"3547",28520000
"3548",28797879
"3549",2890318
"3550",29017873
"3551",29075473
"3552",29101978
"3553",29700342
"3554",29709596
"3555",29762407
"3556",3022509
"3557",30431792
"3558",3183646
"3559",3976754
"3560",4139895
"3561",5430953
"3562",5904533
"3563",5973032
"3564",6529492
"3565",6534423
"3566",6933402
"3567",9394514
"3568",9534923
"3569",9614537
